id,first_name,last_name,email,gender,ip_address
1,Doti,Nockles,dnockles0@biglobe.ne.jp,Female,52.79.71.150
2,Allison,Glenny,aglenny1@myspace.com,Female,
3,Aloin,Gerg,agerg2@uiuc.edu,Male,119.253.60.130
4,Julieta,Clayton,jclayton3@linkedin.com,Genderfluid,
5,Ewell,Barbour,ebarbour4@yellowbook.com,Male,
6,Susi,Mutimer,smutimer5@topsy.com,Female,99.109.40.159
7,Krystal,Purle,kpurle6@vimeo.com,Genderqueer,235.254.91.91
8,Richmond,Vannuchi,rvannuchi7@comcast.net,Male,99.156.156.214
9,Luce,Leyburn,lleyburn8@google.com.br,Female,69.165.194.219
10,Kally,Dublin,kdublin9@fc2.com,Female,
11,Jolyn,Durrell,jdurrella@usda.gov,Female,198.162.218.20
12,Meade,Castillon,,Male,104.230.132.216
13,Ferdinande,Wash,fwashc@reverbnation.com,Female,119.237.4.17
14,Tersina,Ianetti,tianettid@taobao.com,Genderqueer,76.45.199.180
15,Mile,Guyet,mguyete@wikipedia.org,Male,104.0.114.33
16,Xaviera,Pallent,xpallentf@mlb.com,Agender,38.7.54.184
17,Archibold,Shemwell,,Male,71.21.132.248
18,Frederigo,Crudginton,fcrudgintonh@wsj.com,Male,
19,Far,Brando,fbrandoi@mtv.com,Male,246.141.180.142
20,Sherlock,Sparks,,Male,169.83.220.162
21,Marice,Zuann,mzuannk@princeton.edu,Female,77.42.106.238
22,Lionello,Charte,,Male,224.131.33.62
23,Tami,Harmar,tharmarm@rediff.com,Female,87.7.125.75
24,Leontine,Shakesbye,lshakesbyen@infoseek.co.jp,Female,
25,Helaine,Braganza,hbraganzao@mayoclinic.com,Female,107.124.140.112
26,Nikolas,McCurt,nmccurtp@usgs.gov,Male,42.250.176.107
27,Cordy,Leuchars,cleucharsq@addtoany.com,Non-binary,189.34.131.124
28,Waly,Garthshore,wgarthshorer@weibo.com,Female,11.16.11.116
29,Melba,Brecknall,mbrecknalls@angelfire.com,Bigender,128.129.193.198
30,Giustina,Pitkaithly,gpitkaithlyt@cdc.gov,Female,56.22.190.47
31,Emelita,Hiland,,Female,9.238.157.83
32,Prinz,Legerwood,plegerwoodv@over-blog.com,Male,62.229.16.72
33,Dacey,Liversedge,,Female,82.47.182.222
34,Rickert,Dmiterko,rdmiterkox@live.com,Male,23.197.48.41
35,Dermot,Sclater,dsclatery@gravatar.com,Male,254.78.35.80
36,Koral,Jeffreys,kjeffreysz@uol.com.br,Female,44.188.169.7
37,Raychel,Gutch,rgutch10@alibaba.com,Female,65.121.117.12
38,Charmion,Belchambers,cbelchambers11@ihg.com,Female,
39,Shandy,Stanyland,sstanyland12@washington.edu,Genderqueer,19.246.134.18
40,Wilton,Mulliss,wmulliss13@businesswire.com,Male,34.125.215.40
41,Glad,Barthrop,,Polygender,31.80.69.232
42,Jeff,Erat,jerat15@wufoo.com,Male,187.158.8.22
43,Hubey,Mattaus,hmattaus16@wunderground.com,Male,21.254.231.195
44,Odilia,Swiggs,oswiggs17@elpais.com,Female,97.169.214.249
45,Carmelle,Skippon,,Female,100.132.152.9
46,Trina,Hustler,thustler19@springer.com,Female,239.43.36.64
47,Masha,Maffione,mmaffione1a@miibeian.gov.cn,Female,61.250.130.244
48,Antin,Kippie,akippie1b@ocn.ne.jp,Male,109.152.82.56
49,Normand,Scimoni,nscimoni1c@etsy.com,Male,2.64.40.149
50,Valeria,Turone,vturone1d@google.com,Bigender,
51,Bartie,Dhillon,,Male,153.6.29.91
52,Maurise,Test,,Male,154.80.76.164
53,Lalo,Mulvihill,lmulvihill1g@sciencedirect.com,Male,
54,Roderich,Kissell,rkissell1h@mapquest.com,Male,151.85.4.34
55,Vick,Kenningley,vkenningley1i@cbslocal.com,Male,126.239.51.249
56,Darya,Bennion,dbennion1j@1und1.de,Female,49.64.185.168
57,Ricca,Vassar,,Female,
58,Lulu,Segeswoeth,lsegeswoeth1l@netscape.com,Female,48.103.117.97
59,Wally,Brotherhead,wbrotherhead1m@usnews.com,Male,10.215.105.16
60,Micah,Gane,mgane1n@uol.com.br,Male,167.85.186.23
61,Julissa,Kurtis,jkurtis1o@godaddy.com,Female,139.41.25.120
62,Krystalle,Cansdale,,Female,226.58.85.181
63,Kingsly,Olwen,kolwen1q@miibeian.gov.cn,Male,164.30.194.87
64,Bernie,Scarrott,,Male,70.36.243.61
65,Filmer,Beeston,fbeeston1s@wordpress.org,Male,182.207.214.206
66,Tallou,Dinkin,tdinkin1t@ehow.com,Female,
67,Annmaria,MacGinlay,amacginlay1u@instagram.com,Female,
68,Kirby,Kornousek,kkornousek1v@washingtonpost.com,Male,56.122.186.243
69,Iago,Chomicz,ichomicz1w@rakuten.co.jp,Male,19.55.252.18
70,Justen,Conklin,jconklin1x@squarespace.com,Male,63.11.242.145
71,Cathee,Vasishchev,cvasishchev1y@patch.com,Female,251.241.220.241
72,Dido,Staresmeare,dstaresmeare1z@vkontakte.ru,Female,88.148.200.127
73,Melli,Pittaway,mpittaway20@usda.gov,Female,
74,Rikki,Larrington,,Female,153.197.253.193
75,Kenyon,Begent,kbegent22@networksolutions.com,Male,59.25.217.27
76,Hortense,Laverick,hlaverick23@shinystat.com,Genderfluid,119.25.86.122
77,Adora,Vidyapin,avidyapin24@tuttocitta.it,Female,81.15.187.218
78,Deane,Colquite,dcolquite25@drupal.org,Male,139.189.170.120
79,Yetta,Reynoldson,yreynoldson26@seesaa.net,Female,
80,Giselle,Bussetti,gbussetti27@canalblog.com,Female,19.70.149.62
81,Barbi,Grassett,bgrassett28@ezinearticles.com,Female,64.8.164.205
82,Teena,Walshaw,twalshaw29@kickstarter.com,Female,200.51.66.118
83,Trescha,Mattack,tmattack2a@foxnews.com,Female,62.10.110.221
84,Abbe,Beddows,abeddows2b@51.la,Male,194.182.25.122
85,Cassie,Hlavecek,chlavecek2c@census.gov,Female,
86,Idalina,Ysson,,Female,66.155.135.191
87,Jeana,Crumbie,jcrumbie2e@sphinn.com,Female,
88,Oralle,Rattenbury,,Female,240.2.156.249
89,Mitchell,Rillett,mrillett2g@aboutads.info,Male,136.62.180.15
90,Elga,Hexam,ehexam2h@indiegogo.com,Female,100.141.114.48
91,Ade,Walker,awalker2i@miitbeian.gov.cn,Male,9.2.225.57
92,Eustace,Kenwood,,Bigender,148.142.58.42
93,Rip,Waterhous,rwaterhous2k@marketwatch.com,Male,186.65.206.190
94,Lovell,Foxworthy,,Male,248.242.163.27
95,Jakie,Witnall,jwitnall2m@ted.com,Male,16.228.235.148
96,Tomasina,Gaize,tgaize2n@tripadvisor.com,Female,31.112.53.239
97,Roderick,Figg,rfigg2o@is.gd,Male,162.10.190.192
98,Sallyanne,Pibworth,spibworth2p@infoseek.co.jp,Female,191.145.199.75
99,Del,Hengoed,dhengoed2q@yolasite.com,Female,218.119.201.183
100,Lorita,Cassar,lcassar2r@uiuc.edu,Non-binary,69.96.82.200
101,Barby,Brough,bbrough2s@alibaba.com,Female,230.202.136.138
102,Wilek,Ferrettini,wferrettini2t@globo.com,Male,
103,Terrill,Dilland,tdilland2u@github.com,Male,64.244.143.193
104,Witty,Roote,,Male,131.242.255.111
105,Marjy,Tocqueville,mtocqueville2w@guardian.co.uk,Female,37.95.198.214
106,Viv,Sutworth,,Female,103.134.191.71
107,Chalmers,Dominetti,cdominetti2y@ovh.net,Male,247.114.243.127
108,Lenard,Vaar,lvaar2z@1688.com,Male,42.164.200.8
109,Lyssa,Lockier,llockier30@vinaora.com,Female,69.176.24.29
110,Otho,de Almeida,odealmeida31@pagesperso-orange.fr,Male,92.207.48.62
111,Rafferty,Kobu,rkobu32@exblog.jp,Male,
112,Brunhilde,Simmons,,Female,36.12.84.42
113,Asia,Lax,,Female,119.101.82.101
114,Leah,Jakubski,ljakubski35@yahoo.com,Female,20.65.228.66
115,Gizela,Tangye,gtangye36@php.net,Female,68.19.76.73
116,Tyler,Wyard,twyard37@cocolog-nifty.com,Male,160.108.1.171
117,Ruby,Fessby,rfessby38@fc2.com,Male,183.116.104.223
118,Cordie,Arnaudet,carnaudet39@weebly.com,Male,153.203.100.77
119,Isaak,De Cleen,,Male,3.242.41.202
120,Decca,Paulin,dpaulin3b@moonfruit.com,Male,156.151.66.201
121,Ursola,Roddell,,Female,154.163.214.237
122,Fallon,Willett,fwillett3d@sun.com,Female,
123,Colly,Whittington,cwhittington3e@slate.com,Female,29.45.217.156
124,Winnie,Stairs,wstairs3f@qq.com,Female,69.195.214.83
125,Johnny,Spurryer,jspurryer3g@time.com,Male,80.94.247.76
126,Alysa,Courvert,acourvert3h@free.fr,Female,19.170.167.222
127,Friederike,Blowers,fblowers3i@arizona.edu,Female,126.199.33.18
128,Swen,Richardin,srichardin3j@icq.com,Male,209.215.202.101
129,Fifine,Pantridge,fpantridge3k@economist.com,Female,61.205.50.167
130,Annissa,Diboll,adiboll3l@springer.com,Female,246.121.108.23
131,Jobyna,Human,jhuman3m@wordpress.com,Female,229.133.47.142
132,Meredith,Meriton,mmeriton3n@cyberchimps.com,Female,212.178.39.241
133,Vilma,Gentile,,Female,187.185.159.248
134,Kirstin,Simonson,ksimonson3p@usda.gov,Female,7.190.37.178
135,Rea,Shoulders,rshoulders3q@arizona.edu,Female,67.78.246.182
136,Meyer,Setterington,msetterington3r@vinaora.com,Male,152.59.218.57
137,Teirtza,Feaveer,tfeaveer3s@ovh.net,Female,
138,Hazel,Aucourte,haucourte3t@elegantthemes.com,Agender,45.68.2.53
139,Silvan,Capon,scapon3u@newyorker.com,Genderfluid,
140,Edmon,Andrzejewski,eandrzejewski3v@state.tx.us,Male,49.251.198.238
141,Josephina,Pasticznyk,jpasticznyk3w@sogou.com,Female,48.200.162.73
142,Penny,Van Oort,pvanoort3x@i2i.jp,Male,165.139.70.99
143,Caryl,Meineking,cmeineking3y@geocities.com,Male,
144,Florette,Rawstron,frawstron3z@printfriendly.com,Female,
145,Bethanne,Carley,bcarley40@nymag.com,Female,22.160.106.149
146,Becki,O'Lennachain,bolennachain41@yahoo.com,Female,106.218.4.176
147,Natty,Klassmann,nklassmann42@weibo.com,Non-binary,228.64.85.7
148,Raphaela,Hoyes,,Female,61.154.200.44
149,Howard,Beri,hberi44@wufoo.com,Male,119.213.236.148
150,Natalina,Kerwick,,Bigender,38.86.148.136
151,Lilian,Balchen,lbalchen46@fema.gov,Female,213.147.255.232
152,Christophe,Whitney,cwhitney47@rambler.ru,Male,255.60.45.155
153,Garfield,Eberz,geberz48@marriott.com,Male,94.232.239.222
154,Terry,Grundle,tgrundle49@ihg.com,Female,125.107.5.7
155,Noby,Colegrove,ncolegrove4a@geocities.jp,Male,151.43.124.151
156,Teddi,Rayworth,trayworth4b@wufoo.com,Female,109.78.143.164
157,Caldwell,Mott,cmott4c@surveymonkey.com,Male,127.38.55.213
158,Trish,Ambrogi,,Female,
159,Hewett,O'Hagerty,hohagerty4e@trellian.com,Male,124.141.12.74
160,Benjy,Ivanets,bivanets4f@ustream.tv,Male,118.229.100.169
161,Hedvige,Dike,hdike4g@twitpic.com,Female,176.162.16.146
162,Ruy,Clarke-Williams,rclarkewilliams4h@skyrock.com,Male,137.233.155.24
163,Isador,Caldes,icaldes4i@last.fm,Male,222.129.163.136
164,Ethelred,Zouch,ezouch4j@chronoengine.com,Male,
165,Onida,Newbury,onewbury4k@ftc.gov,Agender,134.16.118.158
166,Karylin,Barbosa,kbarbosa4l@quantcast.com,Female,134.44.125.224
167,Benedetta,Manterfield,,Female,38.210.163.240
168,Benedick,Ansteys,bansteys4n@cisco.com,Male,115.60.96.56
169,Esther,Etchell,eetchell4o@npr.org,Genderqueer,230.221.74.242
170,Quinn,Witsey,qwitsey4p@yolasite.com,Female,166.168.34.11
171,Clarke,Swaysland,cswaysland4q@wired.com,Male,62.169.106.105
172,Laverne,Tomasz,ltomasz4r@sciencedirect.com,Female,83.144.114.231
173,Jae,Tyrrell,jtyrrell4s@webmd.com,Male,64.154.162.194
174,Robinet,Balsdon,,Female,54.64.135.132
175,Justin,Baress,jbaress4u@webeden.co.uk,Male,
176,Neron,Pentony,npentony4v@ed.gov,Male,163.55.253.94
177,Shina,Slemmonds,sslemmonds4w@icio.us,Female,
178,Chelsie,Snowsill,,Female,65.224.56.69
179,Carrie,Genike,cgenike4y@ucla.edu,Female,73.164.231.250
180,De witt,MacKeague,dmackeague4z@apple.com,Male,13.74.240.15
181,Van,Pagett,vpagett50@about.me,Female,136.56.57.93
182,Otes,Wrathall,owrathall51@rakuten.co.jp,Male,194.241.212.47
183,Adelice,Fairy,afairy52@google.co.jp,Female,
184,Tiffie,Connechy,tconnechy53@stanford.edu,Female,246.50.93.7
185,Rozelle,Strahan,rstrahan54@toplist.cz,Female,
186,Kin,Pride,kpride55@hostgator.com,Male,27.36.233.195
187,Jacques,Kayne,jkayne56@unc.edu,Male,
188,Antonia,Roust,aroust57@webnode.com,Female,105.53.59.194
189,Rikki,Bonds,rbonds58@cloudflare.com,Female,
190,Nate,Ciubutaro,nciubutaro59@google.co.jp,Genderfluid,
191,Danya,Raddish,draddish5a@macromedia.com,Male,49.49.199.35
192,Gasper,Benduhn,gbenduhn5b@example.com,Male,183.71.113.210
193,Dennet,Grundell,dgrundell5c@oakley.com,Male,123.160.120.181
194,Domenico,Labuschagne,dlabuschagne5d@taobao.com,Male,214.38.3.176
195,Howie,Beckey,hbeckey5e@php.net,Male,174.115.177.211
196,Chiquia,Matys,,Female,177.172.101.184
197,Rhiamon,MacTurlough,rmacturlough5g@indiegogo.com,Female,22.232.241.98
198,Zared,Trolley,ztrolley5h@about.com,Male,29.43.6.97
199,Sigrid,Ribou,sribou5i@reddit.com,Female,227.27.152.126
200,Hetti,Cubitt,hcubitt5j@theatlantic.com,Female,221.168.87.123
201,Mayne,Huertas,mhuertas5k@1688.com,Polygender,163.65.169.88
202,Shelley,Knatt,sknatt5l@techcrunch.com,Genderfluid,117.0.49.237
203,Beverlie,Spino,bspino5m@go.com,Female,
204,Elinor,Chapelhow,,Female,
205,Zondra,Petit,zpetit5o@tripadvisor.com,Female,60.196.179.160
206,Ellary,Prichard,eprichard5p@nymag.com,Male,134.67.102.70
207,Car,Tuffin,,Male,213.179.53.11
208,Aube,Meeking,ameeking5r@clickbank.net,Male,210.137.208.21
209,Osbourne,Humble,ohumble5s@gravatar.com,Male,167.180.201.231
210,Miguelita,Cornejo,mcornejo5t@upenn.edu,Female,186.147.112.235
211,Brigitta,Spenclay,bspenclay5u@pcworld.com,Female,212.202.130.157
212,Niko,Karlik,nkarlik5v@bigcartel.com,Male,177.28.156.48
213,Hadleigh,Goldsberry,hgoldsberry5w@blogspot.com,Male,132.207.186.216
214,Angelia,Pym,apym5x@house.gov,Female,114.140.237.7
215,Gawen,Baselli,gbaselli5y@360.cn,Male,59.156.56.124
216,Zacharias,Broun,zbroun5z@google.com.au,Male,78.134.2.233
217,Brittaney,Devanny,,Female,2.56.40.219
218,Marian,Antley,mantley61@sitemeter.com,Female,241.60.125.166
219,Mathilda,Redington,mredington62@fastcompany.com,Female,125.175.234.74
220,Cora,Mallinar,cmallinar63@cmu.edu,Female,35.153.195.40
221,Carolynn,Pooley,,Bigender,
222,Aland,Atkin,aatkin65@goo.ne.jp,Male,199.234.72.219
223,Thomasa,Sprakes,tsprakes66@chronoengine.com,Female,135.46.206.149
224,Godwin,Sealey,gsealey67@digg.com,Male,217.218.162.249
225,Waldo,Cree,wcree68@google.nl,Male,
226,Ferris,McFaul,fmcfaul69@github.com,Male,118.49.50.249
227,Spencer,Amy,samy6a@opera.com,Male,45.58.161.224
228,Yancy,Kingsworth,ykingsworth6b@japanpost.jp,Male,153.221.229.102
229,Rock,Redon,rredon6c@noaa.gov,Male,9.49.146.123
230,Allys,Noone,anoone6d@pen.io,Female,120.226.14.189
231,Melinde,Shinner,mshinner6e@infoseek.co.jp,Genderfluid,70.113.21.2
232,Mag,Bosdet,mbosdet6f@mac.com,Female,
233,Keri,Leppard,kleppard6g@washington.edu,Female,71.144.120.13
234,Kelly,Rubartelli,,Female,75.38.250.33
235,Caleb,Surtees,csurtees6i@smh.com.au,Male,23.116.169.218
236,Nero,Trebble,ntrebble6j@github.io,Male,236.193.81.250
237,Carolina,Allaker,,Female,13.27.181.4
238,Leshia,Durkin,ldurkin6l@biblegateway.com,Female,159.50.87.238
239,Armin,Chue,achue6m@vimeo.com,Male,
240,Janna,Bayles,,Female,60.244.25.164
241,Dorthea,Pindar,,Female,19.144.232.162
242,Blinni,Buick,bbuick6p@bbb.org,Female,63.181.142.175
243,Teddie,Waddington,twaddington6q@blinklist.com,Male,
244,Kath,Eckly,keckly6r@slideshare.net,Female,140.169.223.163
245,Linzy,Cavell,lcavell6s@toplist.cz,Female,201.143.97.121
246,Rochella,Jarritt,rjarritt6t@bizjournals.com,Non-binary,28.180.36.227
247,Randene,Steggles,rsteggles6u@list-manage.com,Female,70.65.148.100
248,Sandye,Martyns,smartyns6v@ted.com,Polygender,203.116.134.54
249,Charil,Gotter,,Female,83.207.253.203
250,Homer,Piperley,hpiperley6x@intel.com,Male,205.231.87.64
251,Michaelina,Bernardo,mbernardo6y@gravatar.com,Female,5.253.211.199
252,Donalt,Mallinder,,Male,190.185.234.148
253,Barry,Martt,bmartt70@biblegateway.com,Female,208.10.253.11
254,Dmitri,Vose,dvose71@si.edu,Male,170.112.89.127
255,Reinwald,Jendrys,rjendrys72@virginia.edu,Male,75.214.248.167
256,Buddy,Guitton,,Male,109.51.8.254
257,Hally,William,hwilliam74@mapy.cz,Female,146.90.203.166
258,Maybelle,Dybell,mdybell75@wikipedia.org,Female,59.100.32.65
259,Melva,Troop,mtroop76@yelp.com,Female,120.8.150.59
260,Grantley,Zanelli,gzanelli77@creativecommons.org,Male,
261,Demeter,Scutt,,Female,180.191.8.193
262,Arlena,Oatley,aoatley79@rambler.ru,Female,186.235.107.80
263,Hannah,Casterou,hcasterou7a@smugmug.com,Female,211.74.36.113
264,Cirillo,Weekland,,Male,123.180.51.68
265,Helli,Gant,hgant7c@feedburner.com,Female,
266,Garfield,Troubridge,gtroubridge7d@businessinsider.com,Male,231.208.175.19
267,Erv,McQuilkin,emcquilkin7e@livejournal.com,Male,35.191.233.162
268,Christoffer,Ipwell,cipwell7f@uiuc.edu,Male,
269,Emmalynn,Welbeck,ewelbeck7g@netscape.com,Female,68.247.87.221
270,Cyndie,Brusin,cbrusin7h@japanpost.jp,Female,109.242.69.200
271,Shani,Durant,sdurant7i@wikipedia.org,Female,
272,Lizzie,Allchorn,,Female,27.194.92.220
273,Marietta,Diloway,mdiloway7k@wsj.com,Male,
274,Wenonah,Plover,wplover7l@sourceforge.net,Female,10.115.210.221
275,Henka,Jacmar,hjacmar7m@dailymotion.com,Female,92.140.122.30
276,Paige,Izakoff,pizakoff7n@reference.com,Male,193.74.119.159
277,Doti,Lishmund,dlishmund7o@ask.com,Female,48.77.129.210
278,Blaire,Rookledge,brookledge7p@linkedin.com,Female,
279,Sheppard,Tapply,stapply7q@cdc.gov,Male,
280,Elias,Hryskiewicz,ehryskiewicz7r@ning.com,Male,111.167.201.162
281,Thorndike,Goodrich,,Male,61.133.142.81
282,Emerson,Petrovsky,epetrovsky7t@usnews.com,Male,
283,Ulrick,Greening,ugreening7u@go.com,Male,30.236.243.7
284,Brigg,Martonfi,bmartonfi7v@phpbb.com,Male,188.168.189.198
285,Nertie,Peyton,,Female,227.21.190.177
286,Deidre,Rabjohns,,Agender,145.215.94.19
287,Cathee,Burditt,cburditt7y@reddit.com,Female,217.195.71.127
288,Jedidiah,Sloss,jsloss7z@jiathis.com,Male,155.237.137.228
289,Patty,Cratchley,pcratchley80@reddit.com,Male,36.205.255.50
290,Randa,Errowe,,Female,42.18.156.48
291,Berke,Curton,bcurton82@php.net,Male,209.118.206.39
292,Maisey,Handman,mhandman83@clickbank.net,Female,
293,Denys,De Bischop,ddebischop84@tuttocitta.it,Female,23.128.79.128
294,Ronny,Shephard,rshephard85@twitpic.com,Female,158.98.157.207
295,Meade,Parnell,mparnell86@wikimedia.org,Male,238.60.60.189
296,Rhianna,Caveill,rcaveill87@gnu.org,Female,
297,Sonnnie,Medcraft,smedcraft88@stanford.edu,Female,73.242.250.85
298,Guinna,Lasty,glasty89@imgur.com,Female,
299,Brodie,Naton,bnaton8a@newsvine.com,Genderfluid,
300,Stephana,Crook,scrook8b@adobe.com,Female,72.117.102.100
301,Sharyl,Shelton,sshelton8c@census.gov,Non-binary,212.25.132.94
302,Bertram,Pollicott,,Male,36.68.72.213
303,Milzie,Guillerman,mguillerman8e@irs.gov,Non-binary,44.124.5.89
304,Law,Pleaden,lpleaden8f@hibu.com,Male,204.201.55.84
305,Othello,Spittal,ospittal8g@sphinn.com,Male,92.238.94.165
306,Theodora,Goolding,tgoolding8h@instagram.com,Female,
307,Glenda,Howett,ghowett8i@sakura.ne.jp,Female,
308,Jessie,Corthes,jcorthes8j@shutterfly.com,Female,59.241.158.26
309,Ulises,Rocco,urocco8k@bravesites.com,Genderfluid,48.194.156.25
310,Merola,Maior,mmaior8l@dyndns.org,Female,88.49.235.176
311,Gavra,Leather,gleather8m@surveymonkey.com,Female,172.18.212.9
312,Hasheem,Bollin,hbollin8n@samsung.com,Male,119.108.210.174
313,Hadrian,Fibben,,Male,
314,Rossy,Bagworth,rbagworth8p@biblegateway.com,Male,75.56.122.47
315,Iorgo,Lacrouts,ilacrouts8q@cnn.com,Male,73.41.110.91
316,Derby,Ansill,dansill8r@indiegogo.com,Male,33.148.224.132
317,Haskel,Seabert,hseabert8s@imgur.com,Non-binary,
318,Roxanne,Pain,rpain8t@reverbnation.com,Female,7.64.163.70
319,Ardys,Collingridge,acollingridge8u@vkontakte.ru,Female,63.103.254.223
320,Rock,Barkus,rbarkus8v@reference.com,Male,183.52.235.244
321,Toddy,Hellwig,thellwig8w@opensource.org,Male,0.187.80.29
322,Lebbie,Hambrick,lhambrick8x@newsvine.com,Female,55.224.204.200
323,Jacqui,Crates,jcrates8y@yahoo.com,Female,237.214.72.218
324,Arman,Banting,abanting8z@prlog.org,Male,190.178.255.24
325,Lulita,Burdytt,,Female,35.205.139.180
326,Nichole,Bearfoot,nbearfoot91@friendfeed.com,Male,
327,Cord,Livock,clivock92@independent.co.uk,Male,250.137.56.198
328,Doti,Rennenbach,drennenbach93@un.org,Female,99.91.253.99
329,Chip,Rothon,crothon94@ox.ac.uk,Male,118.48.249.112
330,Jaye,Tallyn,jtallyn95@google.com.au,Male,0.181.70.57
331,Annie,Kurtis,akurtis96@squidoo.com,Female,183.124.130.155
332,Cassaundra,Fishpond,cfishpond97@technorati.com,Agender,96.103.60.180
333,Collen,Mozzetti,cmozzetti98@cnn.com,Female,212.92.97.157
334,Brewster,Wethers,bwethers99@a8.net,Male,168.79.142.246
335,Nealson,Sewter,nsewter9a@nifty.com,Male,155.77.121.22
336,Mona,Bastard,mbastard9b@reddit.com,Female,66.252.38.153
337,Lester,Fraczek,lfraczek9c@telegraph.co.uk,Male,201.194.248.138
338,Gianina,Witten,gwitten9d@europa.eu,Genderqueer,
339,Mari,Kinnier,mkinnier9e@vkontakte.ru,Female,85.223.208.81
340,Silvan,Webland,swebland9f@abc.net.au,Agender,15.115.14.139
341,Wain,Eskrick,weskrick9g@netlog.com,Male,42.15.0.125
342,Isabelita,Gwilt,igwilt9h@ihg.com,Female,158.52.32.231
343,Reagan,Morpeth,rmorpeth9i@hc360.com,Male,
344,Myrna,Lacroix,mlacroix9j@imageshack.us,Female,190.235.200.141
345,Jeniece,Butterworth,jbutterworth9k@sbwire.com,Female,194.124.251.60
346,Benjamin,Askwith,,Male,165.155.230.228
347,Jelene,Moakson,jmoakson9m@hostgator.com,Female,39.249.244.161
348,Elisa,Elecum,eelecum9n@biglobe.ne.jp,Female,245.157.82.146
349,Pat,Rennison,prennison9o@tuttocitta.it,Male,213.15.157.72
350,Shannen,Burnep,sburnep9p@dagondesign.com,Female,194.60.248.155
351,Brigg,Thunnercliffe,bthunnercliffe9q@hc360.com,Male,2.34.44.12
352,Araldo,Narracott,anarracott9r@free.fr,Male,118.76.57.16
353,Alessandro,Shwalbe,ashwalbe9s@a8.net,Male,
354,Micaela,Nano,mnano9t@studiopress.com,Female,76.64.185.197
355,Vivian,Bloggett,vbloggett9u@wisc.edu,Female,236.195.188.192
356,Dorice,Reinhart,dreinhart9v@dagondesign.com,Genderfluid,52.64.72.63
357,Adey,Heber,aheber9w@dot.gov,Female,14.214.67.9
358,Loralie,Shrieve,lshrieve9x@mtv.com,Female,
359,Ragnar,Dominetti,rdominetti9y@soup.io,Male,254.19.96.129
360,Stanwood,Coode,,Bigender,36.150.151.100
361,Benedick,McNeely,bmcneelya0@hud.gov,Male,10.209.130.135
362,Henderson,O'Doherty,hodohertya1@163.com,Male,253.220.122.183
363,Yevette,Shaplin,,Female,67.220.178.103
364,Marnie,Houlridge,mhoulridgea3@rediff.com,Female,5.42.34.197
365,Hadlee,Reddington,hreddingtona4@blogger.com,Male,168.122.150.4
366,Gib,Fairpool,gfairpoola5@auda.org.au,Male,192.190.25.78
367,Cornelius,Graeme,cgraemea6@imageshack.us,Male,236.104.60.89
368,Cristin,Hampshire,champshirea7@bloomberg.com,Female,141.205.108.32
369,Keefe,Maylin,kmaylina8@cmu.edu,Bigender,136.189.6.147
370,Farly,Ziemen,fziemena9@simplemachines.org,Male,65.49.164.227
371,Giselle,Michurin,gmichurinaa@ucoz.ru,Female,129.230.47.143
372,Steffen,Double,,Male,139.120.213.3
373,Hall,Antham,hanthamac@ebay.co.uk,Male,144.117.138.203
374,Carole,Gemmill,,Female,130.88.15.120
375,Meridith,Bourley,mbourleyae@ycombinator.com,Female,
376,Tish,Dagg,tdaggaf@wikia.com,Female,68.115.71.145
377,Martelle,Veall,mveallag@nydailynews.com,Female,32.252.176.168
378,Nickie,Aglione,naglioneah@sina.com.cn,Female,128.10.47.200
379,Bambie,Russo,brussoai@sciencedirect.com,Female,55.162.20.199
380,Lin,Harmes,lharmesaj@tinyurl.com,Female,104.51.204.29
381,Deidre,Goody,,Genderfluid,
382,Noemi,Russi,nrussial@unesco.org,Female,51.228.25.145
383,Chariot,Jollie,cjollieam@bbb.org,Male,178.7.19.117
384,Gordie,Titchmarsh,gtitchmarshan@example.com,Male,195.165.152.25
385,Carlos,Ancliffe,,Male,86.224.5.207
386,Suzanna,Figg,sfiggap@irs.gov,Female,215.187.78.103
387,Melissa,Wellan,mwellanaq@unblog.fr,Genderfluid,34.48.146.221
388,Adore,Jump,ajumpar@craigslist.org,Female,30.213.5.228
389,Nettle,Atger,,Genderfluid,171.204.43.104
390,Tory,Phlippi,tphlippiat@dion.ne.jp,Female,171.161.33.218
391,Zsa zsa,Fowley,,Female,83.254.24.222
392,Sim,Andrassy,sandrassyav@creativecommons.org,Male,93.53.162.156
393,Reinhard,Cheesley,rcheesleyaw@fc2.com,Male,207.74.230.218
394,Maury,Van Der Walt,mvanderwaltax@craigslist.org,Male,28.136.111.54
395,Wallis,Latek,wlatekay@usda.gov,Female,85.112.162.28
396,Edsel,Merioth,emeriothaz@clickbank.net,Male,
397,Rosco,Shorthouse,,Non-binary,195.114.9.214
398,Stuart,Kirman,skirmanb1@slideshare.net,Male,128.95.146.137
399,Gretna,Leftridge,gleftridgeb2@scribd.com,Female,252.163.22.168
400,Ronnie,Faulconbridge,,Male,59.42.209.159
401,Eldon,Andriulis,eandriulisb4@weather.com,Male,
402,Klement,Habgood,khabgoodb5@wix.com,Male,143.165.52.31
403,Ruprecht,Schindler,rschindlerb6@infoseek.co.jp,Male,60.247.123.101
404,Darsie,Diprose,ddiproseb7@last.fm,Female,240.248.37.56
405,Ruperto,Lannin,,Male,
406,Grantley,Roddam,groddamb9@miibeian.gov.cn,Male,
407,Hilary,Hartrick,hhartrickba@pagesperso-orange.fr,Female,
408,Gunilla,Rollins,,Female,221.197.251.158
409,Abbot,Raphael,araphaelbc@cnn.com,Male,90.230.116.165
410,Doreen,Machin,dmachinbd@soundcloud.com,Female,185.104.222.14
411,Benedikt,Swanton,bswantonbe@histats.com,Male,
412,Yard,Herche,yherchebf@ning.com,Male,142.35.199.233
413,Jon,Worsfield,jworsfieldbg@g.co,Male,15.38.220.133
414,Greer,Walrond,gwalrondbh@elegantthemes.com,Female,149.14.229.50
415,Kathi,Ifill,kifillbi@youtu.be,Female,98.53.253.140
416,Myrvyn,Oloshin,moloshinbj@state.gov,Male,209.109.1.141
417,Ransell,Bauduccio,rbauducciobk@usda.gov,Male,239.4.175.105
418,Melina,Beeton,,Female,21.163.245.33
419,Prisca,Curreen,pcurreenbm@ca.gov,Female,118.4.236.158
420,Ingamar,Ligerton,iligertonbn@istockphoto.com,Male,225.218.65.238
421,Julian,Coughlan,jcoughlanbo@msn.com,Male,
422,Liz,Gandy,lgandybp@mozilla.org,Female,10.136.54.196
423,Giordano,Steiner,,Male,
424,Kalil,Eisikovitsh,,Genderqueer,177.59.206.61
425,Timmy,Lawles,tlawlesbs@yellowbook.com,Female,216.109.73.222
426,Stacee,Yushmanov,syushmanovbt@google.com.br,Male,
427,Electra,Craighall,ecraighallbu@vkontakte.ru,Female,223.139.94.104
428,Marcelo,Maggill'Andreis,mmaggillandreisbv@soundcloud.com,Male,7.222.193.106
429,Brnaba,Hellyer,,Male,
430,Vlad,Sellwood,vsellwoodbx@umich.edu,Male,3.175.107.81
431,Isacco,Tizard,itizardby@newyorker.com,Male,
432,Ruperto,Petronis,rpetronisbz@mysql.com,Male,120.116.155.141
433,Caroline,Stambridge,cstambridgec0@over-blog.com,Female,188.19.174.148
434,Fidela,Moore,fmoorec1@cornell.edu,Female,
435,Ring,Van der Hoeven,,Male,43.215.140.20
436,Pavel,Craiker,,Male,172.252.128.14
437,Irvin,Penas,ipenasc4@slate.com,Male,190.60.22.50
438,Erick,Dornan,edornanc5@noaa.gov,Male,150.13.46.52
439,Stephana,Kobpac,skobpacc6@domainmarket.com,Female,128.152.58.86
440,Damiano,Stoacley,dstoacleyc7@yahoo.co.jp,Male,255.182.85.42
441,Dalton,McCool,dmccoolc8@spotify.com,Male,20.200.143.128
442,Roseanne,Fugere,rfugerec9@un.org,Female,107.4.251.11
443,Nita,Fincke,nfinckeca@de.vu,Female,160.175.133.150
444,Rodie,Reucastle,rreucastlecb@reverbnation.com,Female,19.195.233.181
445,Wade,Golthorpp,wgolthorppcc@senate.gov,Male,225.109.118.37
446,Baron,Ganford,,Male,119.19.142.26
447,Hunter,Camerana,hcameranace@quantcast.com,Male,
448,Moyna,Roddy,mroddycf@digg.com,Female,172.116.161.101
449,Wilden,Gors,wgorscg@fc2.com,Male,123.157.146.129
450,Leann,Ibbotson,libbotsonch@opensource.org,Female,178.196.79.152
451,Hermon,Ricart,hricartci@com.com,Male,
452,Odessa,Cruden,ocrudencj@ustream.tv,Female,
453,Kurtis,Gearty,kgeartyck@google.ru,Male,62.139.238.88
454,Alyosha,Fallows,afallowscl@marriott.com,Male,144.138.150.22
455,Sylvan,Grene,sgrenecm@ehow.com,Male,114.9.101.94
456,Asa,Veitch,aveitchcn@icio.us,Male,209.98.252.50
457,Darryl,Rivlin,drivlinco@1688.com,Female,113.229.207.139
458,Vivienne,Rolles,vrollescp@fda.gov,Female,
459,Vania,Robinett,vrobinettcq@topsy.com,Female,245.191.173.177
460,Aland,Grattage,agrattagecr@nhs.uk,Male,152.33.135.9
461,Ransom,Sampson,rsampsoncs@psu.edu,Male,112.203.190.206
462,Hillery,Kenrat,hkenratct@indiatimes.com,Male,247.217.37.70
463,Clem,Ollerenshaw,collerenshawcu@samsung.com,Male,176.39.198.214
464,Sherwynd,Snell,ssnellcv@ow.ly,Male,92.47.249.96
465,Rica,Bloomfield,,Female,19.153.3.113
466,Ulises,Jonczyk,,Male,37.149.47.21
467,Drusilla,Antrag,,Female,169.171.213.125
468,Mack,Daudray,,Male,153.70.243.182
469,Ashbey,Matuska,amatuskad0@tinypic.com,Male,234.167.91.68
470,Rip,Stare,rstared1@forbes.com,Male,85.53.190.84
471,Sheila,Bussy,sbussyd2@cbslocal.com,Female,8.81.16.25
472,Mikael,Daniell,mdanielld3@soundcloud.com,Male,6.174.250.40
473,Vaughn,Scollard,vscollardd4@ihg.com,Male,184.232.44.169
474,Sawyer,Grundey,sgrundeyd5@google.pl,Male,238.143.159.134
475,Dukey,Upson,dupsond6@bravesites.com,Male,162.174.252.17
476,Shannah,Moat,smoatd7@moonfruit.com,Female,170.253.132.143
477,Donnie,Fieldstone,dfieldstoned8@studiopress.com,Female,194.236.192.151
478,Raf,Enric,renricd9@wired.com,Female,205.99.219.106
479,Creigh,Potteridge,,Male,119.207.165.41
480,Andie,Duffyn,aduffyndb@behance.net,Bigender,
481,Justine,Lattimore,jlattimoredc@mapquest.com,Female,213.220.55.66
482,Letti,Lelievre,llelievredd@rakuten.co.jp,Polygender,208.72.162.225
483,Nisse,Siggers,nsiggersde@dion.ne.jp,Female,
484,Thedrick,Slewcock,tslewcockdf@craigslist.org,Male,32.193.175.203
485,Melinda,Merrell,mmerrelldg@prweb.com,Bigender,228.203.225.31
486,Cherise,Stainton,,Female,177.0.175.246
487,Missy,Stotherfield,mstotherfielddi@tripadvisor.com,Female,138.189.130.147
488,Odelia,Schaumaker,oschaumakerdj@ihg.com,Non-binary,131.155.254.162
489,Margarete,Gatrill,mgatrilldk@list-manage.com,Female,225.83.94.149
490,Melissa,Freyne,,Female,109.109.210.136
491,Theresa,Swaisland,tswaislanddm@indiegogo.com,Female,210.0.85.79
492,Phelia,Frosch,pfroschdn@a8.net,Female,188.72.54.139
493,Biron,Moxstead,bmoxsteaddo@seattletimes.com,Male,
494,Amata,Atherton,aathertondp@unblog.fr,Female,123.80.61.209
495,Catrina,De la croix,cdelacroixdq@google.nl,Female,
496,Laurianne,Phizackerly,lphizackerlydr@sourceforge.net,Female,13.25.131.23
497,Chevy,Chue,cchueds@weather.com,Male,34.225.177.43
498,Shaylynn,Murty,smurtydt@google.com.br,Female,240.132.240.202
499,Kristi,Delafont,kdelafontdu@arizona.edu,Female,249.172.251.16
500,Sven,Tregidga,,Male,91.191.201.205
501,Gussy,Greger,ggregerdw@mozilla.org,Female,120.120.70.104
502,Anna-diane,Ciotto,aciottodx@wikia.com,Female,207.222.58.215
503,Aron,Puddicombe,apuddicombedy@ftc.gov,Male,
504,Valida,Torbet,vtorbetdz@ihg.com,Female,216.159.53.103
505,Ashby,Bousquet,abousquete0@archive.org,Male,103.145.198.177
506,Grissel,Windybank,gwindybanke1@storify.com,Female,58.164.178.90
507,Gale,Spinella,gspinellae2@spotify.com,Female,200.205.197.106
508,Adoree,Callery,acallerye3@google.com.au,Female,2.219.214.118
509,Hogan,Scroxton,hscroxtone4@sitemeter.com,Male,
510,Dehlia,Cahani,dcahanie5@google.ru,Genderfluid,130.114.182.119
511,Rab,Corby,rcorbye6@oakley.com,Male,116.186.207.252
512,Jehu,Van de Castele,jvandecastelee7@arizona.edu,Male,
513,Antoinette,McGerraghty,amcgerraghtye8@jalbum.net,Female,103.131.78.169
514,Vlad,Asplen,vasplene9@senate.gov,Bigender,106.195.244.245
515,Raffarty,Edon,redonea@netscape.com,Male,1.109.24.37
516,Steward,Storch,sstorcheb@ow.ly,Male,
517,Noel,Banasevich,nbanasevichec@smh.com.au,Male,
518,Berkley,Adamovicz,badamoviczed@skype.com,Genderfluid,60.166.225.125
519,Avie,Halfacree,ahalfacreeee@google.pl,Female,233.228.35.213
520,Corrinne,Kirkhouse,ckirkhouseef@altervista.org,Female,159.240.122.194
521,Audry,Waterland,,Female,252.184.95.33
522,Kissie,Clausius,kclausiuseh@sfgate.com,Female,5.154.31.32
523,Sibyl,Prydden,spryddenei@vkontakte.ru,Male,
524,Emmery,Fairbard,,Male,156.168.202.88
525,Cordell,Lydall,,Male,200.133.190.102
526,Rayshell,Litster,rlitsterel@instagram.com,Female,194.249.31.46
527,Grazia,Quarrington,,Female,187.113.49.165
528,Harp,Jaquemar,,Male,53.229.18.73
529,Malcolm,Seaton,mseatoneo@whitehouse.gov,Male,0.176.238.82
530,Dickie,Circuitt,dcircuittep@reuters.com,Male,
531,Grace,Cosgrive,gcosgriveeq@w3.org,Male,
532,Rikki,Van der Veldt,rvanderveldter@histats.com,Female,127.116.245.199
533,Tyrus,Beetlestone,tbeetlestonees@fotki.com,Male,195.236.209.38
534,Sydney,O'Corrin,,Male,236.153.207.53
535,Robinia,Reddlesden,rreddlesdeneu@acquirethisname.com,Female,
536,Amalle,Romain,aromainev@cloudflare.com,Female,147.156.200.197
537,Zonda,Dmiterko,zdmiterkoew@ameblo.jp,Female,49.245.147.96
538,Trina,Gearty,tgeartyex@linkedin.com,Female,38.255.97.82
539,Tamra,Burbridge,tburbridgeey@naver.com,Genderqueer,99.181.29.138
540,Sal,Mayoh,smayohez@lulu.com,Non-binary,
541,Dalston,Sterling,,Male,115.58.13.75
542,Joannes,MacDermot,,Female,123.2.67.209
543,Mohammed,Linscott,mlinscottf2@so-net.ne.jp,Male,189.171.168.135
544,Brook,Ashbe,bashbef3@booking.com,Male,
545,Quint,Mapson,qmapsonf4@jimdo.com,Male,103.161.103.82
546,Annemarie,Molloy,amolloyf5@elegantthemes.com,Female,102.41.169.143
547,Brena,McCaskill,bmccaskillf6@pen.io,Female,94.22.19.225
548,Blair,Tallach,btallachf7@g.co,Male,242.51.227.182
549,Gene,Sowerbutts,gsowerbuttsf8@last.fm,Female,101.147.225.119
550,Port,Lope,plopef9@springer.com,Male,247.253.30.144
551,Erick,Joseland,ejoselandfa@amazon.de,Male,77.12.146.253
552,Candida,Statersfield,cstatersfieldfb@house.gov,Female,122.73.167.197
553,Fiona,Dugmore,fdugmorefc@rambler.ru,Female,29.55.36.235
554,Itch,Philipet,iphilipetfd@deviantart.com,Male,192.51.36.219
555,Raddy,Shimwall,rshimwallfe@disqus.com,Male,192.84.149.140
556,Suzanne,Hallas,shallasff@issuu.com,Female,202.25.88.62
557,Brnaba,Ronchka,bronchkafg@bloglovin.com,Male,16.214.22.51
558,Glenn,Garett,ggarettfh@mysql.com,Male,243.90.7.151
559,Simon,Newburn,snewburnfi@weibo.com,Male,121.154.114.240
560,Alano,Mulbry,,Bigender,240.187.21.117
561,Leonora,Buey,lbueyfk@mayoclinic.com,Female,0.134.185.8
562,Aubrey,Tinson,atinsonfl@macromedia.com,Genderfluid,104.207.75.113
563,Charlena,Toulson,ctoulsonfm@microsoft.com,Female,181.171.131.137
564,Davide,Adamolli,dadamollifn@skyrock.com,Male,46.37.51.229
565,Guy,Bompas,gbompasfo@phoca.cz,Male,227.138.151.64
566,Finlay,Fairbrother,ffairbrotherfp@deliciousdays.com,Male,132.49.99.7
567,Dianemarie,Cund,,Female,
568,Dominica,Weinberg,dweinbergfr@naver.com,Female,
569,Matty,Foulstone,,Male,156.116.129.155
570,Colette,Blondin,cblondinft@baidu.com,Female,
571,Norman,Menault,,Male,11.39.107.141
572,Lyndy,Innot,linnotfv@domainmarket.com,Female,199.143.48.75
573,Baron,Sumpner,,Male,73.243.24.164
574,Emelda,Berrecloth,eberreclothfx@51.la,Female,211.103.67.103
575,Madel,O'Neal,monealfy@360.cn,Female,254.159.202.210
576,Launce,Tingle,ltinglefz@hugedomains.com,Polygender,45.43.56.196
577,Doroteya,Tinwell,dtinwellg0@unblog.fr,Female,65.147.10.217
578,Reece,Hopfner,rhopfnerg1@1688.com,Male,105.207.89.142
579,Angie,Passion,apassiong2@java.com,Female,208.63.50.181
580,Lemuel,Vitet,lvitetg3@amazon.com,Male,156.144.177.86
581,Ezmeralda,Gotling,egotlingg4@marketwatch.com,Female,
582,Josy,Luty,jlutyg5@yolasite.com,Female,40.232.226.217
583,Keriann,Beeton,,Female,62.55.88.117
584,Vannie,Wallbrook,vwallbrookg7@gizmodo.com,Female,189.181.80.188
585,Wilfrid,Bunny,wbunnyg8@dell.com,Polygender,
586,Ninon,Glasheen,nglasheeng9@google.ca,Female,128.55.156.138
587,Meridel,Harmstone,mharmstonega@dailymotion.com,Female,145.188.216.188
588,Carly,Milvarnie,cmilvarniegb@skype.com,Male,245.194.237.64
589,Farra,Duncan,fduncangc@biglobe.ne.jp,Female,53.122.84.186
590,Sheena,Rideout,srideoutgd@aol.com,Female,14.161.14.51
591,Hadlee,Cheesley,hcheesleyge@oracle.com,Male,114.73.103.120
592,Barthel,Chiplin,bchiplingf@plala.or.jp,Genderfluid,163.189.124.198
593,Dore,Handrahan,dhandrahangg@behance.net,Male,
594,Kristien,Mussettini,kmussettinigh@yolasite.com,Female,90.252.147.73
595,Deane,Mellody,dmellodygi@linkedin.com,Male,110.236.2.32
596,Wyndham,Sutheran,wsutherangj@constantcontact.com,Male,224.44.139.29
597,Tressa,Clemmey,tclemmeygk@ftc.gov,Female,164.5.133.240
598,Ivar,Hulmes,ihulmesgl@plala.or.jp,Male,200.136.33.41
599,Gwen,Blaw,,Female,231.202.41.5
600,Stepha,Crum,scrumgn@netvibes.com,Female,200.110.197.176
601,Patti,McRill,pmcrillgo@yellowpages.com,Female,39.178.48.207
602,Homerus,Kirsz,hkirszgp@uol.com.br,Male,18.9.103.93
603,Silvia,Acres,sacresgq@histats.com,Female,167.27.254.165
604,Ichabod,Offell,ioffellgr@vimeo.com,Agender,195.174.7.227
605,Cris,McReedy,cmcreedygs@walmart.com,Agender,157.62.149.121
606,Jessy,Anstead,jansteadgt@sphinn.com,Female,127.12.206.203
607,Alanah,Garshore,agarshoregu@joomla.org,Female,181.28.88.241
608,Gabby,Cochran,,Male,176.77.83.85
609,Rod,Ninnoli,rninnoligw@smh.com.au,Male,236.213.44.226
610,Normy,Heinreich,,Agender,
611,Cullie,Attree,cattreegy@home.pl,Male,244.103.160.66
612,Keelia,Curzon,kcurzongz@wordpress.org,Female,3.228.85.44
613,Violette,Duny,vdunyh0@google.nl,Female,85.145.86.212
614,Tobe,Gatling,tgatlingh1@uiuc.edu,Male,79.70.185.183
615,Raf,Barnwall,rbarnwallh2@utexas.edu,Agender,197.122.213.189
616,Dinah,Kegg,dkeggh3@deviantart.com,Female,142.23.216.95
617,Davine,Meriguet,dmerigueth4@npr.org,Bigender,82.194.90.15
618,Whitby,House,whouseh5@de.vu,Male,
619,Lock,McMinn,lmcminnh6@cocolog-nifty.com,Male,166.37.60.245
620,Yves,Binstead,,Male,215.243.52.247
621,Peterus,Janko,pjankoh8@archive.org,Male,191.168.229.0
622,Lilian,Caris,lcarish9@ustream.tv,Female,124.60.157.244
623,Ryann,Wallbanks,rwallbanksha@technorati.com,Female,207.105.79.106
624,Mozes,Jolliff,mjolliffhb@dropbox.com,Male,13.186.130.68
625,Bryon,Staunton,bstauntonhc@ow.ly,Male,194.135.115.17
626,Symon,Allcott,sallcotthd@typepad.com,Male,
627,Pam,Puttrell,pputtrellhe@a8.net,Female,93.183.254.103
628,Raphaela,Douce,rdoucehf@addtoany.com,Female,
629,Brinn,Dymock,bdymockhg@naver.com,Female,4.161.134.52
630,Blithe,Watson-Brown,,Female,240.100.210.240
631,Allie,McMenamy,amcmenamyhi@nps.gov,Female,
632,Jedidiah,Adriano,,Male,246.28.238.178
633,Morgan,Graalmans,mgraalmanshk@bing.com,Male,229.249.217.117
634,Julia,Budget,jbudgethl@mit.edu,Female,127.188.139.15
635,Riane,Gossage,rgossagehm@tinypic.com,Female,110.80.147.232
636,Luciana,Rieme,lriemehn@lycos.com,Female,156.149.38.100
637,Janaye,Bosch,,Female,102.73.188.24
638,Pete,Last,,Agender,
639,Gertrud,Gosselin,ggosselinhq@huffingtonpost.com,Female,162.34.254.199
640,Randolf,O'Docherty,rodochertyhr@shinystat.com,Male,18.146.145.242
641,Sharline,Scough,sscoughhs@mapquest.com,Female,192.174.152.209
642,Bethena,de Villier,,Female,214.20.226.24
643,Rebecka,Antonat,,Polygender,254.206.154.0
644,Koralle,Himsworth,khimsworthhv@twitpic.com,Female,186.61.63.132
645,Martie,Gyppes,mgyppeshw@cam.ac.uk,Male,179.157.72.171
646,Kitti,Treadgall,ktreadgallhx@taobao.com,Female,228.220.202.0
647,Ansell,Harrington,aharringtonhy@jugem.jp,Male,253.215.67.91
648,Dasya,Zylberdik,dzylberdikhz@miibeian.gov.cn,Female,32.77.7.142
649,Guinna,Jeckell,gjeckelli0@exblog.jp,Female,3.196.131.57
650,Marie-jeanne,O' Lone,molonei1@webnode.com,Female,172.6.165.62
651,Arlin,Ciccone,acicconei2@newyorker.com,Male,111.159.174.231
652,Ernestine,Bettleson,ebettlesoni3@rambler.ru,Genderqueer,219.32.49.111
653,Freida,Witul,fwituli4@ameblo.jp,Female,46.75.9.43
654,Phillipe,Camillo,pcamilloi5@stumbleupon.com,Male,37.211.155.10
655,Valentino,Wallman,vwallmani6@example.com,Male,3.23.214.140
656,Tiphanie,Bruneton,tbrunetoni7@bloglovin.com,Female,243.122.143.47
657,Kayla,Cadagan,kcadagani8@parallels.com,Female,210.130.67.0
658,Mikkel,Pickavant,mpickavanti9@paypal.com,Male,73.247.66.19
659,Tripp,Nealey,tnealeyia@hostgator.com,Male,219.250.176.178
660,Darrick,Le Jean,dlejeanib@hexun.com,Male,
661,Chadd,Kless,cklessic@sciencedirect.com,Male,18.163.75.14
662,Neall,Rief,nriefid@diigo.com,Male,160.146.86.92
663,Bondie,Sterman,bstermanie@sogou.com,Male,92.81.51.16
664,Holt,Somerscales,hsomerscalesif@typepad.com,Male,224.174.125.163
665,Rhodie,Brandsen,rbrandsenig@xinhuanet.com,Female,181.49.249.214
666,Leicester,Steen,lsteenih@t.co,Male,
667,Nancey,Townsend,ntownsendii@arizona.edu,Female,8.244.104.179
668,Zandra,Room,zroomij@123-reg.co.uk,Female,25.248.242.196
669,Elfie,Elsy,eelsyik@addtoany.com,Female,
670,Ingaberg,Vossing,ivossingil@arstechnica.com,Female,4.218.172.124
671,Sigrid,Christofle,schristofleim@ca.gov,Female,50.97.88.50
672,Kristan,Kindread,kkindreadin@bloglovin.com,Agender,140.230.88.227
673,Waylen,Neward,wnewardio@e-recht24.de,Male,227.146.139.230
674,Aksel,Daveley,adaveleyip@ftc.gov,Bigender,197.251.243.189
675,Franz,Rookes,frookesiq@smh.com.au,Male,41.234.224.26
676,Myrna,O'Suaird,mosuairdir@angelfire.com,Female,23.237.66.192
677,Linzy,Gatley,,Female,154.127.233.90
678,Loy,Elliott,lelliottit@ning.com,Male,51.155.112.170
679,Kally,Redhills,,Female,75.30.163.50
680,Ezekiel,Gillies,egilliesiv@smugmug.com,Male,102.84.120.162
681,Barry,Ianelli,bianelliiw@taobao.com,Male,
682,Sandie,Cuchey,scucheyix@typepad.com,Female,
683,Osborne,Ghione,oghioneiy@jiathis.com,Male,152.110.114.245
684,Abagael,Blatchford,,Female,35.75.21.148
685,Kelcey,Plumstead,kplumsteadj0@apache.org,Female,88.151.242.209
686,Weidar,Dewfall,wdewfallj1@a8.net,Male,61.203.162.7
687,Francesco,McMoyer,fmcmoyerj2@blogtalkradio.com,Male,
688,Lilah,MacLleese,lmaclleesej3@accuweather.com,Female,139.230.27.214
689,Celesta,Sainthill,,Female,208.50.148.254
690,Lucia,Stronach,lstronachj5@alibaba.com,Female,1.146.49.6
691,Antone,Ensley,aensleyj6@nydailynews.com,Male,148.47.178.14
692,Charmane,Stiebler,cstieblerj7@newyorker.com,Female,9.234.235.160
693,Chiquita,Sacher,csacherj8@cocolog-nifty.com,Female,49.60.49.223
694,Talya,Jeratt,tjerattj9@last.fm,Female,124.13.23.218
695,Conni,Tierny,ctiernyja@hhs.gov,Female,246.33.102.36
696,Roscoe,Judd,rjuddjb@java.com,Male,147.247.210.251
697,Letizia,Murt,lmurtjc@godaddy.com,Female,14.135.145.159
698,Samson,McArthur,smcarthurjd@wufoo.com,Male,190.7.99.119
699,Cindi,Gozzard,cgozzardje@moonfruit.com,Female,189.52.242.49
700,Raul,Kulvear,rkulvearjf@booking.com,Male,170.113.242.62
701,Guthry,Leemans,,Male,
702,Holly-anne,Andraud,handraudjh@webeden.co.uk,Female,56.169.22.31
703,Maxwell,De Maine,mdemaineji@cargocollective.com,Male,88.47.79.179
704,Blakeley,Longea,blongeajj@npr.org,Female,143.239.160.92
705,Hamlen,Lurcock,hlurcockjk@live.com,Male,183.114.66.42
706,Barris,Cupitt,bcupittjl@auda.org.au,Male,209.10.82.32
707,Kassie,Souch,ksouchjm@ycombinator.com,Female,90.100.251.98
708,Geraldine,Collip,gcollipjn@github.io,Female,229.103.203.65
709,Caresse,Trevithick,ctrevithickjo@altervista.org,Female,199.206.71.0
710,Abbi,Currell,acurrelljp@webeden.co.uk,Female,55.148.121.148
711,Caddric,Pothbury,cpothburyjq@rediff.com,Male,164.195.51.206
712,Trish,Cullnean,tcullneanjr@sbwire.com,Female,240.192.148.61
713,Gabriele,Shay,gshayjs@tripadvisor.com,Male,74.82.40.182
714,Madlin,McLaughlan,mmclaughlanjt@amazon.co.uk,Female,
715,Rawley,Hammer,rhammerju@ebay.co.uk,Male,90.80.27.52
716,Pall,Pattle,ppattlejv@foxnews.com,Male,244.220.73.251
717,Cozmo,Phillott,,Male,
718,Linnell,Dore,ldorejx@behance.net,Female,111.94.101.103
719,Billy,Kick,bkickjy@umn.edu,Male,197.131.174.204
720,Mitchell,Creeghan,mcreeghanjz@sbwire.com,Male,92.250.35.35
721,Marietta,Espadero,mespaderok0@google.es,Female,171.102.88.216
722,Paige,O'Hearn,pohearnk1@g.co,Female,26.107.48.33
723,Aleen,Clothier,,Genderqueer,34.208.59.33
724,Cammy,Nucator,cnucatork3@xing.com,Male,
725,Ann-marie,Punch,apunchk4@cocolog-nifty.com,Genderqueer,
726,Wait,Leverton,wlevertonk5@ebay.com,Male,136.13.106.158
727,Leland,Berard,lberardk6@npr.org,Male,150.94.241.33
728,Nollie,Uridge,nuridgek7@globo.com,Female,81.73.93.15
729,Ewan,Bastian,ebastiank8@globo.com,Male,155.92.37.134
730,Noelyn,Cases,ncasesk9@51.la,Female,59.1.89.62
731,Barri,Hilary,bhilaryka@google.com.au,Male,190.134.43.117
732,Hodge,Gipson,hgipsonkb@wunderground.com,Male,
733,Gayleen,Stealfox,gstealfoxkc@amazon.com,Female,109.97.46.82
734,Gwenny,Higbin,ghigbinkd@chron.com,Female,124.130.224.213
735,Jarrod,Spelman,jspelmanke@chron.com,Male,122.25.133.3
736,Celine,Sor,csorkf@w3.org,Female,6.7.111.99
737,Danette,Gutherson,dguthersonkg@nbcnews.com,Female,177.76.90.2
738,Foster,Pilfold,fpilfoldkh@guardian.co.uk,Male,136.252.243.112
739,Fina,Ferriman,fferrimanki@comsenz.com,Female,96.161.203.24
740,Rikki,Hazeup,rhazeupkj@naver.com,Male,133.148.112.78
741,Enrika,Yanov,eyanovkk@sciencedirect.com,Female,79.250.118.1
742,Arnold,Mander,amanderkl@elegantthemes.com,Agender,78.203.230.10
743,Arnuad,Clempton,aclemptonkm@independent.co.uk,Male,124.177.156.112
744,Sutherland,Monckton,smoncktonkn@ifeng.com,Male,136.50.250.134
745,Cleon,O'Bradain,cobradainko@columbia.edu,Male,2.6.82.11
746,Dulciana,Howcroft,,Female,84.235.159.136
747,Cecelia,Brandenburg,cbrandenburgkq@sfgate.com,Female,18.156.108.112
748,Emili,Dearnaley,edearnaleykr@xrea.com,Female,42.230.230.249
749,Bobbye,Blaskett,bblaskettks@paypal.com,Female,55.101.72.48
750,Izzy,Craister,icraisterkt@nyu.edu,Male,160.62.61.235
751,Huntley,Randals,,Male,40.115.81.80
752,Ara,Fothergill,afothergillkv@reddit.com,Female,149.44.35.169
753,Eddi,Skryne,,Female,249.136.59.101
754,Rem,Gaskoin,rgaskoinkx@dailymail.co.uk,Male,106.123.99.229
755,Yale,Zincke,,Male,
756,Maxi,Dunnet,mdunnetkz@nyu.edu,Non-binary,215.68.208.5
757,Thebault,Stembridge,tstembridgel0@rakuten.co.jp,Male,
758,Matt,Heeks,mheeksl1@people.com.cn,Bigender,189.164.231.120
759,Tamera,Schiell,tschielll2@canalblog.com,Female,239.129.239.16
760,Catharine,Swatheridge,cswatheridgel3@boston.com,Genderqueer,
761,Izzy,Matczak,imatczakl4@plala.or.jp,Male,195.253.40.169
762,Hendrika,Neumann,hneumannl5@dagondesign.com,Female,124.27.190.180
763,Shandy,Alvarado,,Female,67.160.116.8
764,Dory,Vasey,dvaseyl7@shop-pro.jp,Male,201.167.160.245
765,Olav,Hassin,ohassinl8@cbc.ca,Male,100.201.3.185
766,Rollie,Gaitskell,rgaitskelll9@tmall.com,Male,78.182.49.227
767,Laural,Easson,leassonla@auda.org.au,Female,
768,Debby,Foxton,,Female,165.242.11.122
769,Lorita,Danielczyk,ldanielczyklc@stanford.edu,Female,200.82.29.63
770,Griffy,Taynton,gtayntonld@google.cn,Agender,98.104.201.209
771,Melita,Twiddell,mtwiddellle@aboutads.info,Female,
772,Aurora,Wreiford,awreifordlf@multiply.com,Female,34.33.226.243
773,Gisele,Hartzog,,Female,64.115.141.244
774,Nikaniki,Copozio,ncopoziolh@shinystat.com,Female,252.67.54.87
775,Wynn,Terese,wtereseli@blogs.com,Female,18.124.167.164
776,Burt,Lacky,blackylj@cnet.com,Bigender,95.129.119.81
777,Ashely,Michelin,amichelinlk@ihg.com,Genderfluid,
778,Jonathan,Colleck,jcolleckll@state.gov,Male,24.111.72.115
779,Gerhard,Scoular,gscoularlm@nba.com,Male,
780,Hernando,Tudgay,htudgayln@vimeo.com,Male,165.163.11.114
781,Tracie,Doohey,tdooheylo@thetimes.co.uk,Male,208.37.236.21
782,Ambros,McGaugie,amcgaugielp@people.com.cn,Male,
783,Henri,Golby,hgolbylq@elpais.com,Male,
784,Ketti,Cornthwaite,kcornthwaitelr@chronoengine.com,Female,124.169.252.153
785,Dolly,Janney,djanneyls@ifeng.com,Female,28.91.9.80
786,Dee dee,Fedorchenko,dfedorchenkolt@angelfire.com,Female,62.122.30.211
787,Randa,Cagan,,Female,90.44.22.107
788,Kessia,O'Bradain,kobradainlv@utexas.edu,Agender,9.131.138.21
789,Liva,Kluge,lklugelw@123-reg.co.uk,Female,101.53.114.67
790,Pavla,Cheatle,pcheatlelx@upenn.edu,Female,119.4.29.249
791,Rudolf,Ferraresi,rferraresily@ox.ac.uk,Male,69.3.101.157
792,Lita,Lloyd-Williams,llloydwilliamslz@macromedia.com,Female,232.172.113.127
793,Boony,Iveans,biveansm0@samsung.com,Male,
794,Victoir,McLagan,vmclaganm1@senate.gov,Male,221.220.251.231
795,Guinevere,Hundal,ghundalm2@unblog.fr,Female,17.251.190.96
796,Abba,Timberlake,,Male,56.172.50.158
797,Ulrike,Fear,ufearm4@youtu.be,Female,176.91.222.4
798,Vail,Frangello,vfrangellom5@un.org,Male,88.102.105.145
799,Holly-anne,Honnan,hhonnanm6@accuweather.com,Genderqueer,120.242.51.75
800,Adelaide,Eouzan,aeouzanm7@homestead.com,Female,146.167.255.106
801,Cassandra,Taggart,ctaggartm8@meetup.com,Female,249.226.197.149
802,Lani,McCulley,,Female,
803,Myrwyn,Duchasteau,mduchasteauma@alexa.com,Male,140.25.91.153
804,Rodrique,Reynault,rreynaultmb@admin.ch,Male,
805,Dara,Crooke,dcrookemc@1688.com,Female,113.38.212.122
806,Bailie,Frisch,,Male,2.212.196.130
807,Jillane,Copes,jcopesme@sbwire.com,Female,159.249.94.177
808,Malcolm,Balogh,mbaloghmf@cafepress.com,Male,
809,Bonni,Bartolini,bbartolinimg@goo.gl,Bigender,203.148.174.41
810,Marti,Juares,mjuaresmh@berkeley.edu,Female,86.47.70.108
811,Kath,Hammerton,khammertonmi@sciencedaily.com,Female,245.76.15.160
812,Johanna,Silverthorne,jsilverthornemj@sourceforge.net,Female,160.243.75.78
813,Matthew,Berthome,mberthomemk@addthis.com,Male,111.12.101.213
814,Lauryn,de la Valette Parisot,ldelavaletteparisotml@mail.ru,Polygender,
815,Jeremie,Huckerby,jhuckerbymm@zdnet.com,Male,200.167.103.79
816,Reina,Meininger,rmeiningermn@bbb.org,Female,160.58.159.63
817,Even,Leupold,eleupoldmo@friendfeed.com,Male,161.44.237.113
818,Yvon,Bitchener,,Male,11.179.175.83
819,Sargent,Beasley,sbeasleymq@g.co,Male,57.106.214.255
820,Aharon,Godber,agodbermr@issuu.com,Male,
821,Nicoline,Banck,nbanckms@dot.gov,Genderqueer,180.86.98.188
822,Anne,Serjeant,aserjeantmt@cyberchimps.com,Female,51.97.240.175
823,Stepha,Lambol,slambolmu@soundcloud.com,Genderfluid,
824,Celestyna,McLane,cmclanemv@ow.ly,Female,72.150.198.180
825,Edyth,Attewell,eattewellmw@domainmarket.com,Female,163.237.188.136
826,Christalle,Allum,,Female,168.91.110.107
827,Gavan,Rittmeier,,Male,184.45.40.172
828,Callean,Suter,csutermz@zdnet.com,Male,95.13.75.158
829,Margarette,MacLeese,mmacleesen0@prweb.com,Female,90.204.64.152
830,Torry,Stainburn,,Male,97.43.233.151
831,Sayers,Ughelli,sughellin2@prnewswire.com,Male,208.42.216.206
832,Steve,Wythe,swythen3@gravatar.com,Male,192.75.113.84
833,Hans,Handforth,hhandforthn4@jalbum.net,Polygender,
834,Cher,Koche,ckochen5@tamu.edu,Female,2.197.134.233
835,Todd,Ivanyushin,tivanyushinn6@geocities.com,Male,216.185.182.172
836,Brittaney,Streeten,bstreetenn7@elpais.com,Female,248.60.80.31
837,Lura,Metts,lmettsn8@bloomberg.com,Genderqueer,242.120.8.167
838,Marty,Cruse,mcrusen9@blogtalkradio.com,Female,103.249.176.175
839,Armin,Cantillon,,Male,
840,Aldin,Danilchenko,adanilchenkonb@indiatimes.com,Male,8.48.102.98
841,Rene,Erangey,rerangeync@ca.gov,Female,93.225.97.101
842,Smitty,Drains,sdrainsnd@craigslist.org,Male,
843,Zabrina,Mumby,zmumbyne@jalbum.net,Female,53.167.179.20
844,Clyde,Lusk,clusknf@nps.gov,Male,47.228.32.133
845,Agace,Limprecht,alimprechtng@chron.com,Female,105.19.198.198
846,Andy,Marushak,amarushaknh@walmart.com,Female,214.189.156.102
847,Shaw,Thrasher,sthrasherni@yahoo.com,Male,87.47.159.176
848,Verena,Pisculli,vpiscullinj@webnode.com,Female,21.50.246.140
849,Dannel,Edowes,dedowesnk@patch.com,Male,186.60.208.15
850,Jobi,Cicccitti,jcicccittinl@sbwire.com,Female,99.157.168.143
851,Marlin,Igo,migonm@github.io,Male,181.216.216.184
852,Whitney,Newlove,wnewlovenn@free.fr,Male,108.219.45.97
853,Godart,Belden,,Male,141.145.247.33
854,Kristoforo,Ecclesall,kecclesallnp@cloudflare.com,Male,189.40.164.152
855,Cristian,Couper,ccoupernq@hatena.ne.jp,Male,168.142.210.120
856,Brana,Kimblin,bkimblinnr@comsenz.com,Female,134.163.226.140
857,Emmeline,Roth,erothns@marriott.com,Female,202.230.39.56
858,Nanon,Roggeman,nroggemannt@yahoo.co.jp,Female,102.202.23.215
859,Goldarina,Wythill,gwythillnu@msn.com,Female,253.68.58.199
860,Bennie,Apfel,bapfelnv@google.pl,Female,96.211.198.220
861,Riva,Ambrogio,,Female,118.65.184.33
862,Courtnay,Boase,cboasenx@prnewswire.com,Male,100.234.67.215
863,Thorin,Leijs,tleijsny@taobao.com,Male,76.210.123.193
864,Franky,Sutherden,,Female,
865,Sybyl,Marieton,,Female,190.52.242.4
866,Edi,Hynd,ehyndo1@lulu.com,Female,110.107.72.81
867,Farlie,Brodeur,fbrodeuro2@umich.edu,Male,19.80.205.252
868,Hartley,Olyunin,holyunino3@163.com,Male,122.26.95.115
869,Harp,Ramsdell,hramsdello4@51.la,Male,115.14.193.111
870,Shandeigh,Cunio,scunioo5@theguardian.com,Female,162.162.66.36
871,Mariel,Walch,mwalcho6@netscape.com,Female,151.74.226.176
872,Peter,Hasselby,,Male,193.255.251.237
873,Halli,Mapston,hmapstono8@geocities.jp,Female,48.92.22.191
874,Pauly,Arrington,parringtono9@deliciousdays.com,Female,88.136.28.237
875,Linoel,Eringey,leringeyoa@technorati.com,Male,75.238.241.65
876,Roberto,Caughtry,rcaughtryob@ft.com,Male,178.63.182.242
877,Drusie,Baudino,dbaudinooc@ebay.com,Female,12.187.157.72
878,Sherye,Hexter,shexterod@imgur.com,Female,13.120.39.194
879,Alexis,Jorden,ajordenoe@kickstarter.com,Genderqueer,67.220.227.52
880,Jonas,Laughlin,jlaughlinof@kickstarter.com,Male,41.80.15.110
881,Fionnula,Bondley,fbondleyog@a8.net,Female,212.231.65.208
882,Lin,Galia,lgaliaoh@multiply.com,Male,60.100.181.181
883,Moselle,Houlton,mhoultonoi@ustream.tv,Non-binary,25.145.184.221
884,Adria,Haveline,ahavelineoj@smugmug.com,Female,43.127.253.152
885,Emmet,Saffer,esafferok@spiegel.de,Male,98.130.116.140
886,Arda,Wrench,,Female,
887,Carlynn,Jeafferson,cjeaffersonom@who.int,Female,227.26.28.91
888,Charity,Nethercott,cnethercotton@google.co.jp,Female,219.228.109.41
889,Arabel,Nunnery,anunneryoo@nasa.gov,Female,199.163.179.104
890,Mallorie,Vollam,mvollamop@columbia.edu,Female,155.224.146.150
891,Anya,Snipe,asnipeoq@cocolog-nifty.com,Female,
892,Emmi,Lumpkin,elumpkinor@jugem.jp,Female,84.227.239.62
893,Petronella,Bohler,pbohleros@twitter.com,Female,229.141.14.51
894,Sylvester,Cicccitti,scicccittiot@merriam-webster.com,Male,222.16.237.202
895,Susan,Dunlop,sdunlopou@joomla.org,Female,50.92.243.50
896,Esdras,McDougall,emcdougallov@apple.com,Male,117.29.39.78
897,Rees,Picott,rpicottow@cmu.edu,Male,47.123.26.17
898,Mel,Hitzke,mhitzkeox@tmall.com,Female,66.222.159.237
899,Aimee,Stiggers,astiggersoy@nih.gov,Female,48.151.235.29
900,Reine,Swine,rswineoz@acquirethisname.com,Female,184.32.16.61
901,Andras,McGeoch,,Genderfluid,
902,Jaquenetta,Lamonby,,Female,79.253.36.37
903,Collin,Goatman,cgoatmanp2@chron.com,Male,2.252.105.240
904,Kort,Prise,kprisep3@squarespace.com,Male,195.225.67.136
905,Scarlett,Burghall,sburghallp4@dagondesign.com,Female,196.22.73.107
906,Eleanora,Glennie,eglenniep5@about.com,Female,249.97.202.57
907,Elise,Oxenham,eoxenhamp6@shinystat.com,Female,101.244.133.152
908,Berte,Johnsey,bjohnseyp7@livejournal.com,Female,143.158.9.0
909,Konstanze,Southwick,,Female,58.238.182.182
910,Jaynell,Teasdale,jteasdalep9@unesco.org,Female,136.222.101.129
911,Sileas,Blamires,sblamirespa@wix.com,Female,54.176.222.84
912,Dillie,Gravell,dgravellpb@weibo.com,Male,154.20.231.20
913,Hermie,Woodcroft,hwoodcroftpc@amazon.co.uk,Male,42.101.213.34
914,Burke,Hambleton,bhambletonpd@google.com.au,Male,14.237.95.180
915,Leeann,Gowling,,Female,
916,Taber,MacClure,tmacclurepf@ifeng.com,Male,14.252.196.14
917,Zorah,Mustard,zmustardpg@prnewswire.com,Female,162.70.8.156
918,Bernarr,Head,bheadph@mtv.com,Male,
919,Mabelle,Gair,mgairpi@smugmug.com,Female,
920,Alessandra,Tait,ataitpj@theguardian.com,Female,216.135.207.81
921,Cassondra,Baily,,Female,140.192.54.88
922,Jeni,Pridgeon,jpridgeonpl@nifty.com,Genderqueer,
923,Maisey,Frankum,mfrankumpm@yelp.com,Female,54.170.232.143
924,Nomi,Lum,nlumpn@tamu.edu,Bigender,128.103.137.24
925,Gaelan,Weavers,gweaverspo@blinklist.com,Male,98.180.161.250
926,Christian,Sleney,csleneypp@admin.ch,Female,28.146.2.183
927,Jsandye,Parsonage,jparsonagepq@chron.com,Female,249.127.15.250
928,Vachel,McBrier,vmcbrierpr@mail.ru,Male,234.210.46.184
929,Queenie,Raymond,,Genderqueer,87.23.183.145
930,Cherry,Juste,,Female,4.32.203.5
931,Cathryn,Prestwich,cprestwichpu@storify.com,Female,
932,Melba,Gyrgorcewicx,mgyrgorcewicxpv@mozilla.com,Female,156.4.38.221
933,Erroll,Gerok,egerokpw@angelfire.com,Male,231.56.39.98
934,Coraline,Lawrence,clawrencepx@ft.com,Female,34.207.196.245
935,Eugen,Honsch,,Male,184.83.126.201
936,Eleanore,Uren,eurenpz@msu.edu,Female,149.77.19.251
937,Harry,Bradbury,hbradburyq0@slate.com,Male,240.95.189.167
938,Sully,McWard,,Male,178.198.237.162
939,Mathew,Ridsdell,mridsdellq2@g.co,Male,139.32.237.250
940,Randi,Zollner,rzollnerq3@loc.gov,Female,221.68.118.10
941,Aldridge,Candish,acandishq4@adobe.com,Male,165.84.129.203
942,Rainer,Piotrkowski,,Male,
943,Vaughan,Ventam,vventamq6@jugem.jp,Male,232.197.157.109
944,Patricio,Ortsmann,portsmannq7@uiuc.edu,Polygender,102.10.30.138
945,Eleanor,Pellew,epellewq8@goodreads.com,Female,97.204.248.236
946,Ellette,Cornick,ecornickq9@wikipedia.org,Female,50.98.219.245
947,Brennen,Volante,bvolanteqa@aol.com,Male,
948,Ulick,Snalum,usnalumqb@imgur.com,Genderfluid,122.95.196.239
949,Jane,Frediani,jfredianiqc@seattletimes.com,Female,233.229.216.56
950,West,Brunner,wbrunnerqd@newyorker.com,Male,206.198.175.57
951,Larina,Lennon,llennonqe@salon.com,Female,248.5.170.117
952,Wallas,Gilardengo,wgilardengoqf@apple.com,Male,
953,Claudell,Twinborough,ctwinboroughqg@blogspot.com,Male,245.185.233.178
954,Alisa,Orniz,aornizqh@phoca.cz,Female,39.126.22.48
955,Rudy,De Simone,rdesimoneqi@yolasite.com,Male,176.114.135.191
956,Adolpho,Mattingly,amattinglyqj@hexun.com,Non-binary,205.217.34.33
957,Husain,Camier,hcamierqk@ft.com,Agender,35.96.210.195
958,Isa,Manna,imannaql@toplist.cz,Male,158.239.27.182
959,Dolly,Reany,dreanyqm@wsj.com,Female,151.251.66.141
960,Florie,Wyre,fwyreqn@ebay.com,Female,124.169.189.25
961,Jorie,Pirazzi,jpirazziqo@canalblog.com,Genderqueer,223.196.7.109
962,Wandis,Kirkam,wkirkamqp@europa.eu,Female,95.91.170.106
963,Valera,Human,vhumanqq@mapy.cz,Female,191.54.52.56
964,Elihu,Readshaw,ereadshawqr@ibm.com,Male,185.227.230.3
965,Justis,Otton,jottonqs@toplist.cz,Male,220.162.111.56
966,Hansiain,Brands,hbrandsqt@theguardian.com,Male,176.71.164.202
967,Juliet,Kilalea,jkilaleaqu@narod.ru,Genderfluid,
968,Estella,Raggett,eraggettqv@bbc.co.uk,Female,150.39.235.220
969,Tammi,Dine-Hart,tdinehartqw@facebook.com,Female,124.64.140.144
970,Finlay,Haycroft,fhaycroftqx@usatoday.com,Male,90.8.92.21
971,Phaidra,Crocroft,pcrocroftqy@shareasale.com,Female,201.247.188.162
972,Nertie,Eveque,nevequeqz@fotki.com,Female,197.86.113.205
973,Heath,Wakeman,hwakemanr0@php.net,Female,161.217.109.79
974,Sandy,Bargery,sbargeryr1@adobe.com,Female,129.242.182.157
975,Redd,Persehouse,rpersehouser2@chicagotribune.com,Male,
976,Wendie,Broker,,Female,239.239.68.255
977,Wilek,Garwood,wgarwoodr4@meetup.com,Male,188.203.95.108
978,Merrick,Andric,mandricr5@sphinn.com,Male,212.39.37.38
979,Wilburt,Barus,wbarusr6@sun.com,Genderqueer,
980,Legra,Pigeon,lpigeonr7@bbc.co.uk,Female,101.22.234.23
981,Wendall,Pettengell,wpettengellr8@zimbio.com,Male,94.98.206.65
982,Mendy,Ham,mhamr9@npr.org,Male,
983,Nate,Brownhall,nbrownhallra@examiner.com,Male,77.81.231.160
984,Kristofer,Stopp,kstopprb@shutterfly.com,Male,192.169.93.88
985,Marcia,Espinho,mespinhorc@mac.com,Female,101.87.210.114
986,Garvey,Rochelle,grochellerd@cnbc.com,Male,25.226.5.7
987,Georgeanne,Fenelow,gfenelowre@printfriendly.com,Female,199.133.158.129
988,Cristie,Radley,cradleyrf@reference.com,Female,188.138.174.80
989,Augustine,Worrell,aworrellrg@simplemachines.org,Male,225.223.61.151
990,Stevena,Summerskill,ssummerskillrh@mediafire.com,Female,63.122.227.204
991,Estevan,Kemet,ekemetri@twitpic.com,Male,73.155.3.244
992,Suzette,Reith,sreithrj@youtube.com,Female,133.58.82.211
993,Nina,Lidgett,,Female,228.61.237.162
994,Jacinda,Broxap,,Female,24.168.220.135
995,Emory,Daley,edaleyrm@mapy.cz,Polygender,
996,Stafani,O'Lahy,solahyrn@dot.gov,Bigender,254.69.141.11
997,Nilson,Blues,nbluesro@yahoo.co.jp,Male,5.29.0.70
998,Carey,Brandone,cbrandonerp@vkontakte.ru,Female,115.241.83.224
999,Phaedra,Floodgate,pfloodgaterq@4shared.com,Female,27.223.224.146
1000,Brandie,Nestoruk,bnestorukrr@flickr.com,Female,6.210.220.206
